Time_s,Altitude_100km,Longitude_deg,Latitude_deg,Velocity_1000mps,FlightPath_deg,Azimuth_deg,AngleOfAttack_deg,BankAngle_deg
0.0,1.25,126.7,-3.9300000000000006,5.84539,-15.49,90.0,-0.010106683992944619,-0.00034573248786729335
0.1337265694101361,1.247912852162733,126.71228691466227,-3.9299999099122633,5.845513339515303,-15.482105572827571,89.99915788353749,-0.02075504362620921,-0.0007111372424212795
0.26746689651623834,1.2458264837653323,126.72457655001305,-3.9299996395799406,5.845636644911722,-15.47420947394993,89.99831558064415,-0.02128910666358053,-0.0007297533754821868
0.40122100953506423,1.243740894887939,126.73686890865439,-3.9299991888832246,5.84575991617187,-15.46631170170609,89.99747309118005,-0.02183714290129028,-0.0007488673660090194
0.5349889370002454,1.2416560856067098,126.74916399321795,-3.9299985577021297,5.845883153277555,-15.458412254463154,89.9966304150035,-0.022399520908564747,-0.0007684927459666995
0.6687707075480638,1.2395720559971617,126.76146180634548,-3.9299977459165,5.8460063562105615,-15.450511130583408,89.99578755197211,-0.022976618955224296,-0.0007886434196843407
0.8025663499179863,1.2374888061341687,126.77376235068861,-3.929996753406002,5.846129524952651,-15.442608328424313,89.99494450194295,-0.02356882528210399,-0.0008093336748722081
0.9363758929532034,1.2354063360919572,126.78606562890926,-3.9299955800501327,5.8462526594855575,-15.434703846338543,89.99410126477242,-0.024176538361338328,-0.0008305781933946417
1.0701993656011721,1.2333246459441023,126.79837164367927,-3.929994225728206,5.8463757597909884,-15.426797682673987,89.9932578403162,-0.024800167163277386,-0.0008523920623743358
1.2040367969141614,1.2312437357635229,126.8106803976809,-3.929992690319364,5.846498825850624,-15.418889835773776,89.99241422842944,-0.02544013143021585,-0.0008747907854591494
1.337888216049803,1.229163605622478,126.82299189360647,-3.9299909737025684,5.8466218576461095,-15.410980303976276,89.99157042896654,-0.026096861957084803,-0.0008977902946380326
1.4717536522716455,1.2270842555925616,126.83530613415871,-3.9299890757566027,5.84674485515906,-15.403069085615138,89.9907264417813,-0.026770800879336795,-0.000921406962216983
1.6056331349497128,1.2250056857446991,126.84762312205072,-3.929986996360074,5.846867818371056,-15.395156179019304,89.98988226672688,-0.02746240196815409,-0.0009456576132739445
1.7395266935610658,1.2229278961491432,126.85994286000597,-3.929984735391402,5.846990747263641,-15.387241582513028,89.98903790365573,-0.028172130933141467,-0.0009705595383778663
1.8734343576903694,1.2208508868754684,126.87226535075847,-3.929982292728833,5.8471136418183205,-15.379325294415894,89.98819335241964,-0.02890046573274625,-0.0009961305067087436
2.0073561570304626,1.2187746579925671,126.88459059705268,-3.9299796682504278,5.8472365020165595,-15.371407313042859,89.98734861286978,-0.029647896892504893,-0.0010223887796036554
2.141292121382933,1.216699209568645,126.89691860164375,-3.929976861834064,5.847359327839778,-15.363487636704258,89.98650368485657,-0.03041492783146895,-0.001049353124418474
2.2752422806586967,1.2146245416712171,126.90924936729735,-3.9299738733574365,5.847482119269358,-15.355566263705851,89.98565856822985,-0.03120207519677744,-0.0010770428288803789
2.409206664878581,1.212550654367102,126.92158289679003,-3.9299707026980553,5.847604876286628,-15.347643192348842,89.98481326283868,-0.032009869206768175,-0.0011054777157733246
2.543185304173911,1.210477547722418,126.9339191929089,-3.9299673497332446,5.847727598872867,-15.33971842092991,89.9839677685315,-0.03283885400278747,-0.0011346781581252504
2.6771782287871044,1.208405221802578,126.94625825845208,-3.929963814340143,5.84785028700931,-15.331791947741245,89.98312208515604,-0.033689588009871124,-0.0011646650948292294
2.8111854690722646,1.2063336766722854,126.95860009622845,-3.9299600963957015,5.847972940677129,-15.323863771070592,89.98227621255933,-0.03456264430642674,-0.0011954600466592173
2.9452070554957843,1.2042629123955289,126.97094470905787,-3.929956195776684,5.848095559857445,-15.315933889201274,89.98143015058773,-0.03545861100343106,-0.0012270851328677187
3.07924301863695,1.202192929035577,126.98329209977123,-3.9299521123596635,5.848218144531317,-15.308002300412241,89.98058389908688,-0.03637809163304673,-0.0012595630881773062
3.2132933891885522,1.2001237266549742,126.99564227121046,-3.9299478460210238,5.848340694679743,-15.300069002978105,89.97973745790172,-0.03732170554699727,-0.001292917280335075
3.347358197957501,1.1980553053155358,127.00799522622857,-3.929943396636958,5.848463210283658,-15.292133995169191,89.97889082687647,-0.038290088325072316,-0.001327171728144212
3.4814374758654454,1.195987665078342,127.02035096768986,-3.9299387640834698,5.848585691323924,-15.284197275251582,89.97804400585468,-0.039283892193776385,-0.0013623511200572366
3.6155312539493973,1.1939208060037345,127.0327094984698,-3.9299339482363655,5.84870813778134,-15.276258841487161,89.97719699467912,-0.040303786455495684,-0.0013984808333663066
3.749639563362363,1.1918547281513092,127.04507082145517,-3.9299289489712614,5.848830549636625,-15.268318692133667,89.9763497931919,-0.04135045792853319,-0.0014355869538326409
3.883762435373975,1.1897894315799136,127.05743493954417,-3.9299237661635775,5.848952926870422,-15.260376825444748,89.97550240123437,-0.042424611397921586,-0.0014736962960904519
4.017899901371133,1.1877249163476393,127.06980185564639,-3.9299183996885394,5.849075269463296,-15.252433239670015,89.97465481864714,-0.04352697007775722,-0.0015128364244939969
4.15205199285865,1.1856611825118177,127.08217157268295,-3.9299128494211764,5.849197577395729,-15.244487933055101,89.97380704527012,-0.044658276084883444,-0.001553035674671635
4.286218741459898,1.1835982301290158,127.09454409358656,-3.9299071152363196,5.8493198506481106,-15.23654090384173,89.97295908094247,-0.04581929092449715,-0.0015943231757407626
4.4204001789174665,1.1815360592550281,127.10691942130147,-3.9299011970086015,5.8494420892007435,-15.228592150267767,89.97211092550262,-0.04701079598777392,-0.001636728873176681
4.554596337093824,1.179474669944874,127.11929755878374,-3.929895094612456,5.84956429303384,-15.220641670567298,89.97126257878823,-0.04823359306192285,-0.0016802835523463022
4.68880724797198,1.17741406225279,127.13167850900113,-3.9298888079221177,5.849686462127505,-15.212689462970689,89.9704140406362,-0.0494885048528714,-0.001725018862804122
4.823032943656157,1.175354236232226,127.14406227493322,-3.9298823368116165,5.849808596461748,-15.204735525704676,89.96956531088273,-0.050776375520988064,-0.0017709673432653927
4.957273456372474,1.173295191935838,127.1564488595715,-3.929875681154784,5.849930696016468,-15.196779856992416,89.96871638936321,-0.05209807122996461,-0.0018181624474306827
5.09152881846962,1.1712369294154836,127.16883826591939,-3.9298688408252467,5.850052760771456,-15.188822455053604,89.9678672759123,-0.05345448070941361,-0.0018666385705016677
5.225799062419551,1.169179448722216,127.18123049699248,-3.9298618156964253,5.850174790706389,-15.180863318104516,89.96701797036386,-0.05484651583122469,-0.001916431076626489
5.360084220818177,1.1671227499062773,127.1936255558183,-3.9298546056415384,5.85029678580082,-15.172902444358122,89.96616847255099,-0.0562751122003009,-0.001967576327035454
5.494384326386069,1.1650668330170935,127.20602344543661,-3.9298472105335964,5.850418746034179,-15.164939832024185,89.96531878230603,-0.05774122975977122,-0.0020201117092005744
5.628699411969163,1.163011698103268,127.21842416889942,-3.929839630245403,5.850540671385773,-15.15697547930932,89.9644688994605,-0.05924585341106115,-0.0020740756667880673
5.7630295105394715,1.1609573452125765,127.23082772927103,-3.9298318646495516,5.850662561834764,-15.149009384417134,89.96361882384518,-0.06078999364930131,-0.0021295077306097638
5.897374655195806,1.158903774391959,127.24323412962815,-3.929823913618429,5.8507844173601855,-15.1410415455483,89.96276855529003,-0.06237468721434421,-0.0021864485504866607
6.031734879164501,1.1568509856875153,127.25564337305993,-3.9298157770242104,5.85090623794092,-15.133071960900676,89.9619180936242,-0.06400099775758326,-0.0022449399281514997
6.166110215800147,1.1547989791444977,127.268055462668,-3.92980745473886,5.8510280235557,-15.12510062866942,89.9610674386761,-0.06567001652527306,-0.0023050248511224964
6.30050069858633,1.152747754807305,127.2804704015667,-3.9297989466341274,5.8511497741831064,-15.117127547047106,89.96021659027328,-0.06738286305847706,-0.002366747527697539
6.434906361136376,1.150697312719476,127.29288819288294,-3.929790252581551,5.851271489801558,-15.109152714223843,89.95936554824247,-0.06914068591015933,-0.0024301534230436422
6.569327237194106,1.1486476529236826,127.30530883975642,-3.929781372452453,5.851393170389304,-15.101176128387392,89.95851431240965,-0.07094466337961629,-0.0024952892964078192
6.703763360634595,1.1465987754617237,127.31773234533962,-3.9297723061179406,5.8515148159244195,-15.093197787723316,89.9576628825999,-0.07279600426496456,-0.0025622032394965514
6.838214765464944,1.144550680374518,127.33015871279804,-3.9297630534489034,5.851636426384801,-15.085217690415108,89.95681125863756,-0.07469594863377002,-0.0026309447160724584
6.972681485825046,1.142503367702097,127.34258794530997,-3.9297536143160148,5.851758001748158,-15.077235834644336,89.95595944034605,-0.07664576861251406,-0.0027015646028915267
7.107163555988376,1.1404568374835986,127.35502004606693,-3.929743988589727,5.85187954199201,-15.069252218590778,89.955107427548,-0.07864676919506058,-0.002774115231842013
7.2416610103627805,1.1384110897572592,127.36745501827343,-3.929734176140272,5.852001047093669,-15.061266840432602,89.95425522006525,-0.08070028907077315,-0.002848650433504284
7.3761738834912745,1.136366124560408,127.37989286514728,-3.929724176837661,5.852122517030245,-15.053279698346497,89.95340281771871,-0.08280770147256736,-0.0029252255820965346
7.510702210052848,1.1343219419294577,127.39233358991956,-3.9297139905516847,5.85224395177863,-15.045290790507872,89.95255022032848,-0.08497041504549847,-0.0030038976418462534
7.645246024863284,1.1322785418998988,127.40477719583471,-3.9297036171519055,5.852365351315493,-15.037300115090993,89.9516974277138,-0.08718987473623378,-0.0030847252149812814
7.779805362875978,1.130235924506291,127.41722368615058,-3.929693056507666,5.852486715617273,-15.029307670269196,89.95084443969306,-0.0894675627037978,-0.0031677685910266734
7.914380259182772,1.1281940897822567,127.42967306413857,-3.92968230848808,5.8526080446601725,-15.021313454215047,89.94999125608373,-0.09180499925235583,-0.003253089798066902
8.048970749014797,1.1261530377604718,127.44212533308374,-3.9296713729620336,5.852729338420138,-15.013317465100561,89.94913787670252,-0.09420374378627178,-0.00334075265539519
8.183576867743326,1.1241127684726593,127.45458049628482,-3.9296602497981885,5.852850596872869,-15.005319701097381,89.94828430136515,-0.09666539578796217,-0.0034308228279756495
8.318198650880626,1.12207328194958,127.46703855705431,-3.9296489388649722,5.85297181999379,-14.997320160377011,89.9474305298865,-0.09919159581915818,-0.0035233678828227046
8.452836134080837,1.1200345782210253,127.47949951871858,-3.929637440030584,5.853093007758059,-14.989318841111006,89.9465765620806,-0.10178402654602706,-0.003618457347064063
8.587489353140844,1.1179966573158084,127.49196338461797,-3.929625753162992,5.853214160140544,-14.98131574147122,89.94572239776052,-0.10444441378868986,-0.003716162768082828
8.722158344001176,1.1159595192617562,127.50443015810687,-3.9296138781299295,5.8533352771158205,-14.973310859630038,89.94486803673847,-0.1071745275956792,-0.003816557775600003
8.856843142746897,1.1139231640857001,127.51689984255376,-3.9296018147988967,5.853456358658158,-14.965304193760607,89.94401347882577,-0.10997618334384653,-0.003919718145818771
8.991543785608522,1.1118875918134683,127.52937244134131,-3.9295895630371556,5.853577404741508,-14.957295742037104,89.94315872383278,-0.11285124286432971,-0.004025721867753216
9.126260308962944,1.1098528024698757,127.54184795786662,-3.929577122711736,5.853698415339499,-14.949285502634998,89.942303771569,-0.11580161559514718,-0.004134649211832704
9.260992749334358,1.1078187960787158,127.5543263955411,-3.9295644936894263,5.853819390425423,-14.941273473731306,89.94144862184297,-0.11882925976089483,-0.004246582800787617
9.395741143395215,1.105785572662751,127.56680775779064,-3.929551675836777,5.853940329972215,-14.933259653504901,89.94059327446232,-0.12193618358032388,-0.004361607682924115
9.530505527967176,1.1037531322437035,127.57929204805579,-3.9295386690200957,5.854061233952454,-14.925244040136777,89.9397377292337,-0.12512444650219642,-0.004479811407898803
9.665285940022084,1.101721474842245,127.59177926979169,-3.929525473105452,5.854182102338341,-14.917226631810387,89.93888198596292,-0.12839616047020938,-0.004601284105247446
9.800082416682947,1.099690600477988,127.60426942646832,-3.9295120879586682,5.8543029351016935,-14.90920742671193,89.93802604445476,-0.13175349121735755,-0.004726118565337195
9.934894995224937,1.0976605091694747,127.61676252157054,-3.9294985134453273,5.854423732213927,-14.901186423030707,89.9371699045131,-0.13519865959086,-0.004854410323364651
10.069723713076394,1.0956312009341675,127.62925855859817,-3.9294847494307605,5.8545444936460385,-14.893163618959433,89.93631356594078,-0.138733942907524,-0.004986257746132434
10.204568607819857,1.093602675788439,127.64175754106607,-3.9294707957800554,5.8546652193685995,-14.885139012694617,89.93545702853979,-0.14236167634104355,-0.005121762121902291
10.3394297171931,1.0915749337475595,127.65425947250426,-3.929456652358052,5.85478590935174,-14.877112602436917,89.93460029211106,-0.14608425434130723,-0.005261027753333201
10.474307079090188,1.0895479748256884,127.66676435645817,-3.929442319029337,5.854906563565127,-14.869084386391526,89.93374335645458,-0.14990413208658035,-0.005404162053773682
10.609200731562545,1.0875217990358623,127.67927219648848,-3.92942779565825,5.855027181977954,-14.861054362768558,89.93288622136937,-0.15382382696939892,-0.0055512756467875615
10.744110712820042,1.0854964063899835,127.69178299617137,-3.9294130821088755,5.85514776455893,-14.853022529783475,89.93202888665344,-0.15784592011658333,-0.0057024824694123545
10.8790370612321,1.0834717968988075,127.70429675909863,-3.929398178245044,5.855268311276244,-14.844988885657498,89.93117135210379,-0.1619730579443669,-0.005857899878906633
11.013979815328806,1.081447970571933,127.71681348887778,-3.9293830839303316,5.855388822097573,-14.836953428618065,89.93031361751646,-0.1662079537491984,-0.0060176487633536325
11.148939013802057,1.079424927417789,127.72933318913215,-3.9293677990280576,5.855509296990044,-14.828916156899277,89.92945568268644,-0.17055338933501032,-0.0061818536562851575
11.283914695506711,1.0774026674436215,127.74185586350093,-3.9293523234012833,5.8556297359202265,-14.820877068742377,89.92859754740772,-0.1750122166777282,-0.006350642855303359
11.418906899461767,1.0753811906554815,127.7543815156394,-3.92933665691281,5.855750138854103,-14.81283616239625,89.92773921147325,-0.17958735962773845,-0.006524148545085117
11.553915664851559,1.0733604970582133,127.76691014921899,-3.9293207994251778,5.855870505757068,-14.804793436117938,89.92688067467502,-0.18428181565109852,-0.0067025069247961646
11.68894103102697,1.0713405866554384,127.77944176792744,-3.9293047508006658,5.855990836593883,-14.79674888817316,89.92602193680388,-0.1890986576103352,-0.006885858340125312
11.823983037506672,1.0693214594495437,127.79197637546878,-3.9292885109012863,5.8561111313286744,-14.788702516836882,89.92516299764971,-0.19404103558564345,-0.007074347420168785
11.959041723978386,1.0673031154416672,127.80451397556365,-3.9292720795887894,5.856231389924907,-14.780654320393879,89.9243038570013,-0.1991121787370649,-0.007268123219272773
12.094117130300166,1.0652855546316835,127.81705457194927,-3.9292554567246554,5.856351612345351,-14.772604297139335,89.92344451464642,-0.2043153972088627,-0.007467339364168412
12.2292092965017,1.0632687770181886,127.82959816837963,-3.929238642170098,5.856471798552076,-14.764552445379456,89.92258497037172,-0.2096540840766994,-0.007672154206462505
12.364318262785652,1.0612527825984852,127.84214476862563,-3.9292216357860608,5.856591948506409,-14.75649876343213,89.92172522396284,-0.21513171733835265,-0.007882730980798922
12.499444069529005,1.0592375713685673,127.85469437647521,-3.9292044374332145,5.856712062168932,-14.748443249627567,89.92086527520426,-0.2207518619492284,-0.008099237968943303
12.634586757284461,1.0572231433231036,127.8672469957334,-3.929187046971957,5.856832139499426,-14.740385902309008,89.92000512387948,-0.22651817190308993,-0.008321848669924595
12.769746366781842,1.0552094984554214,127.87980263022254,-3.929169464262413,5.856952180456872,-14.73232671983344,89.9191447697708,-0.23243439235929383,-0.008550741976617472
12.904922938929536,1.0531966367574899,127.89236128378245,-3.9291516891644287,5.85707218499941,-14.724265700572342,89.91828421265946,-0.238504361817147,-0.008786102358909339
13.040116514815965,1.051184558219902,127.90492296027048,-3.929133721537575,5.857192153084308,-14.716202842912457,89.91742345232561,-0.24473201433849914,-0.009028120053824503
13.175327135711095,1.0491732628318577,127.91748766356166,-3.92911556124114,5.857312084667943,-14.708138145256598,89.91656248854822,-0.25112138181938953,-0.009276991262814793
13.310554843067964,1.047162750581144,127.93005539754895,-3.929097208134134,5.857431979705758,-14.700071606024482,89.9157013211052,-0.2576765963117211,-0.0095329183565705
13.445799678524255,1.0451530214541176,127.94262616614328,-3.9290786620752822,5.857551838152242,-14.692003223653595,89.9148399497733,-0.26440189239600365,-0.00979611008764582
13.581061683903902,1.0431440754356842,127.95519997327374,-3.9290599229230265,5.857671659960887,-14.683932996600094,89.91397837432811,-0.27130160960601274,-0.010066781811253884
13.716340901218732,1.0411359125092792,127.96777682288776,-3.92904099053552,5.857791445084157,-14.675860923339737,89.91311659454406,-0.27838019490630517,-0.01034515571445854
13.851637372670142,1.0391285326568456,127.98035671895121,-3.929021864770631,5.857911193473462,-14.667787002368867,89.91225461019445,-0.28564220522391975,-0.010631461054316324
13.986951140650824,1.0371219358588144,127.99293966544867,-3.9290025454859365,5.858030905079105,-14.659711232205415,89.9113924210514,-0.2930923100348208,-0.010925934405167467
14.122282247746528,1.035116122094081,128.00552566638348,-3.928983032538722,5.8581505798502596,-14.651633611389927,89.91053002688582,-0.3007352940064611,-0.011228819915517933
14.257630736737864,1.0331110913399832,128.01811472577796,-3.9289633257859795,5.85827021773492,-14.64355413848669,89.90966742746751,-0.30857605969727725,-0.011540369574992767
14.39299665060216,1.0311068435722774,128.03070684767363,-3.9289434250844053,5.858389818679862,-14.635472812084837,89.90880462256499,-0.3166196303143139,-0.011860843491667099
14.528380032515358,1.0291033787651143,128.0433020361314,-3.9289233302904014,5.858509382630611,-14.62738963079953,89.9079416119456,-0.32487115252991433,-0.012190510180278672
14.663780925853963,1.0271006968910141,128.0559002952315,-3.928903041260068,5.858628909531386,-14.619304593273174,89.9070783953755,-0.3333358993587062,-0.01252964686180218
14.799199374197046,1.0250987979208397,128.06850162907418,-3.928882557849206,5.858748399325056,-14.611217698176699,89.9062149726196,-0.3420192730957457,-0.012878539774869536
14.934635421328299,1.023097681823771,128.08110604177926,-3.928861879913313,5.8588678519531046,-14.603128944210868,89.90535134344157,-0.350926808317152,-0.013237484499411012
15.070089111238143,1.0210973485672759,128.093713537487,-3.928841007307583,5.858987267355565,-14.595038330107657,89.90448750760385,-0.3600641749441674,-0.013606786293296817
15.205560488125904,1.019097798117083,128.10632412035775,-3.928819939886901,5.859106645470982,-14.586945854631674,89.90362346486761,-0.36943718137179493,-0.013986760442260073
15.341049596402042,1.0170990304371508,128.11893779457245,-3.928798677505848,5.859225986236357,-14.578851516581635,89.9027592149928,-0.37905177766321907,-0.014377732623893719
15.47655648069045,1.0151010454896372,128.1315545643328,-3.9287772200186897,5.859345289587088,-14.570755314791919,89.90189475773805,-0.3889140588111018,-0.01478003928615871
15.612081185830812,1.0131038432348682,128.14417443386148,-3.9287555672793815,5.8594645554569205,-14.562657248134155,89.90103009286074,-0.3990302680668402,-0.015194028041132424
15.747623756881046,1.0111074236313036,128.15679740740237,-3.928733719141565,5.859583783777884,-14.554557315518904,89.90016522011693,-0.40940680033898447,-0.015620058074634562
15.883184239119803,1.0091117866355044,128.1694234892207,-3.928711675458562,5.8597029744802365,-14.546455515897373,89.89930013926144,-0.42005020566210804,-0.01605850057234069
16.01876267804906,1.007116932202096,128.18205268360342,-3.928689436083378,5.859822127492399,-14.53835184826322,89.89843485004769,-0.43096719273705625,-0.016509739163260474
16.154359119396783,1.005122860283733,128.19468499485953,-3.928667000868696,5.859941242740887,-14.530246311654444,89.89756935222786,-0.4421646325440429,-0.016974170381108673
16.289973609119667,1.0031295708310588,128.20732042731998,-3.9286443696668756,5.860060320150247,-14.52213890515532,89.89670364555275,-0.4536495620294046,-0.017452204144520977
16.425606193405983,1.0011370637926686,128.21995898533842,-3.9286215423299518,5.860179359642985,-14.514029627898422,89.89583772977181,-0.46542918786773957,-0.017944264256869024
16.561256918678506,0.9991453391150662,128.23260067329102,-3.9285985187096313,5.860298361139493,-14.50591847906675,89.89497160463321,-0.47751089030011057,-0.01845078892650277
16.696925831597536,0.9971543967426231,128.24524549557708,-3.9285752986572895,5.860417324557972,-14.497805457895913,89.89410526988365,-0.4899022270498021,-0.01897223130834805
16.832612979064027,0.9951642366175327,128.25789345661917,-3.928551882023968,5.860536249814353,-14.489690563676422,89.89323872526855,-0.5026109373168476,-0.01950906006769514
16.96831840822281,0.9931748586797658,128.27054456086353,-3.928528268660378,5.860655136822217,-14.481573795756065,89.89237197053188,-0.5156449458524571,-0.02006175996731859
17.104042166465952,0.9911862628670222,128.28319881278017,-3.9285044584168882,5.860773985492707,-14.473455153542385,89.89150500541625,-0.5290123671145417,-0.020630832478702194
17.239784301436185,0.98919844911468,128.29585621686348,-3.92848045114353,5.860892795734441,-14.465334636505256,89.89063782966285,-0.5427215095057004,-0.021216796418633155
17.37554486103051,0.9872114173557467,128.30851677763238,-3.9284562466899904,5.861011567453414,-14.457212244179571,89.88977044301146,-0.5567808796947402,-0.021820188612157593
17.51132389340388,0.9852251675208028,128.3211804996307,-3.928431844905613,5.8611303005529125,-14.449087976168032,89.88890284520043,-0.571199187023023,-0.022441564582950803
17.647121446973056,0.9832396995379478,128.3338473874276,-3.9284072456393924,5.861248994933402,-14.440961832144062,89.88803503596671,-0.5859853479968883,-0.02308149927260381
17.782937570420554,0.9812550133327415,128.34651744561782,-3.9283824487399706,5.861367650492432,-14.432833811854845,89.88716701504572,-0.601148490867287,-0.023740587789657118
17.91877231269879,0.9792711088281437,128.35919067882224,-3.928357454055639,5.861486267124522,-14.424703915124468,89.88629878217147,-0.616697960297901,-0.024419446190023304
18.054625723034327,0.9772879859444517,128.37186709168807,-3.928332261434333,5.861604844721048,-14.416572141857218,89.88543033707651,-0.632643322122989,-0.02511871228996329
18.190497850932317,0.9753056445992343,128.38454668888946,-3.9283068707236244,5.86172338317013,-14.408438492041022,89.88456167949191,-0.6489943681960502,-0.025839046513123465
18.326388746181102,0.9733240847072645,128.39722947512777,-3.928281281770728,5.861841882356501,-14.400302965750988,89.88369280914722,-0.6657611213306158,-0.02658113277305335
18.462298458856967,0.9713433061804481,128.40991545513216,-3.9282554944224892,5.861960342161386,-14.392165563153165,89.88282372577054,-0.6829538403342432,-0.027345679392705567
18.598227039329096,0.9693633089277502,128.42260463365986,-3.928229508525389,5.862078762462366,-14.384026284508385,89.8819544290884,-0.70058302513702,-0.028133420062716998
18.734174538264725,0.9673840928551181,128.4352970154969,-3.928203323925532,5.862197143133234,-14.37588513017633,89.88108491882585,-0.7186594220155653,-0.02894511483982694
18.870141006634462,0.9654056578654011,128.4479926054583,-3.928176940468651,5.862315484043856,-14.367742100619731,89.88021519470641,-0.7371940289138631,-0.029781551187441514
19.00612649571787,0.9634280038582675,128.46069140838895,-3.928150358000101,5.862433785060019,-14.35959719640877,89.87934525645211,-0.7561981008618109,-0.030643545060009374
19.1421310571092,0.9614511307301169,128.47339342916382,-3.9281235763648548,5.862552046043263,-14.351450418225657,89.87847510378334,-0.775683155492806,-0.031531942033191554
19.278154742723416,0.9594750383739902,128.4860986726887,-3.928096595407497,5.8626702668507304,-14.343301766869411,89.87760473641904,-0.795660978661331,-0.03244761848166704
19.414197604802435,0.9574997266794738,128.49880714390073,-3.9280694149722284,5.862788447334981,-14.335151243260837,89.87673415407653,-0.8161436301616193,-0.03339148280680482
19.5502596959216,0.9555251955326028,128.51151884776897,-3.9280420349028535,5.862906587343814,-14.326998848447712,89.8758633564716,-0.8371434495483586,-0.03436447671611521
19.686341068996448,0.9535514448157566,128.5242337892951,-3.928014455042781,5.863024686720084,-14.318844583610229,89.87499234331847,-0.8586730620605643,-0.03536757655688117
19.82244177728974,0.9515784744075522,128.536951973514,-3.927986675235021,5.8631427453015,-14.310688450066628,89.87412111432975,-0.8807453846493037,-0.0364017947062607
19.958561874418784,0.9496062841827324,128.5496734054945,-3.927958695322178,5.863260762920421,-14.302530449279097,89.87324966921655,-0.9033736321106647,-0.037468181020109945
20.094701414363044,0.9476348740120485,128.56239809034008,-3.9279305151464476,5.863378739403637,-14.294370582859944,89.87237800768837,-0.9265713233241256,-0.03856782434319141
20.230860451472097,0.945664243762139,128.57512603318946,-3.927902134549614,5.863496674572142,-14.286208852577994,89.87150612945312,-0.9503522875979271,-0.03970185408339847
20.36703904047389,0.9436943932954018,128.58785723921758,-3.9278735533730433,5.863614568240907,-14.278045260365312,89.87063403421716,-0.9747306711216478,-0.040871441852480234
20.503237236483372,0.9417253224698623,128.60059171363628,-3.92784477145768,5.86373242021862,-14.26987980832419,89.86976172168528,-0.9997209435268212,-0.042077803176368
20.63945509501146,0.9397570311390341,128.61332946169517,-3.9278157886440406,5.863850230307441,-14.261712498734443,89.8688891915607,-1.0253379045566045,-0.043322199277788444
20.775692671974426,0.9377895191517742,128.62607048868244,-3.927786604772215,5.863967998302714,-14.25354333406105,89.86801644354507,-1.0515966908444596,-0.044605938934333
20.91195002370364,0.9358227863521329,128.63881479992588,-3.927757219681853,5.864085723992697,-14.245372316962097,89.86714347733853,-1.0785127828029393,-0.045930380415157616
21.048227206955765,0.9338568325791952,128.65156240079375,-3.927727633212163,5.8642034071582545,-14.237199450297094,89.86627029263964,-1.1061020116226523,-0.047296933499472
21.184524278923366,0.9318916576669163,128.6643132966956,-3.9276978452019096,5.86432104757255,-14.229024737135656,89.86539688914546,-1.1343805663819755,-0.04870706158032645
21.320841297245998,0.9299272614439501,128.6770674930837,-3.927667855489403,5.864438645000717,-14.220848180766561,89.86452326655154,-1.1633650012676526,-0.05016228385722946
21.457178320021757,0.9279636437334685,128.68982499545373,-3.9276376639124972,5.8645561991995105,-14.212669784707215,89.86364942455198,-1.1930722429065397,-0.05166417762121302
21.593535405819342,0.9260008043529752,128.70258580934615,-3.9276072703085805,5.864673709916954,-14.204489552713547,89.86277536283937,-1.2235195978083464,-0.053214380636112904
21.729912613690637,0.9240387431141079,128.71534994034707,-3.9275766745145746,5.864791176891952,-14.196307488790335,89.86190108110492,-1.254724759919826,-0.05481459362012889
21.866310003183855,0.9220774598224354,128.72811739408985,-3.9275458763669238,5.8649085998539,-14.188123597201992,89.86102657903844,-1.2867058182896485,-0.056466582831675556
22.00272763435725,0.9201169542772423,128.74088817625605,-3.927514875701589,5.8650259785222545,-14.179937882483845,89.86015185632836,-1.319481264843997,-0.05817218276369452
22.13916556779343,0.9181572262713057,128.7536622925769,-3.927483672354046,5.865143312606107,-14.171750349453914,89.85927691266181,-1.3530700022725628,-0.059933298950865195
22.275623864614303,0.9161982755906629,128.76643974883476,-3.9274522661592686,5.865260601803713,-14.163561003225219,89.85840174772473,-1.3874913520239476,-0.061751910894367344
22.412102586496705,0.9142401020143652,128.7792205508643,-3.9274206569517354,5.865377845802008,-14.155369849218658,89.85752636120179,-1.4227650624102586,-0.06363007510860025
22.548601795688676,0.9122827053142251,128.79200470455422,-3.9273888445654075,5.865495044276096,-14.14717689317644,89.85665075277653,-1.4589113168195627,-0.06556992829495832
22.685121555026505,0.9103260852545477,128.8047922158489,-3.927356828833733,5.865612196888715,-14.138982141176136,89.85577492213147,-1.49595074203528,-0.0675736906475297
22.82166192795252,0.9083702415918543,128.8175830907498,-3.9273246095896304,5.865729303289665,-14.130785599645389,89.85489886894815,-1.5339044166613924,-0.06964366929602246
22.958222978533648,0.90641517407459,128.83037733531725,-3.9272921866654857,5.865846363115218,-14.122587275377253,89.85402259290724,-1.572793879651621,-0.07178226189099572
23.094804771480838,0.9044608824428199,128.84317495567248,-3.927259559893142,5.865963375987486,-14.114387175546259,89.8531460936886,-1.6126411389413198,-0.07399196033731796
23.23140737216934,0.9025073664279113,128.8559759579992,-3.9272267291038903,5.866080341513761,-14.1061853077252,89.85226937097143,-1.65346868017968,-0.07627535468090854
23.368030846659888,0.9005546257522012,128.8687803485456,-3.92719369412846,5.866197259285821,-14.097981679902677,89.85139242443444,-1.6952994755604616,-0.07863513715541806
23.50467526172084,0.8986026601286501,128.88158813362668,-3.9271604547970096,5.866314128879187,-14.08977630050147,89.85051525375596,-1.7381569927484986,-0.08107410639397984
23.641340684851315,0.8966514692604768,128.89439931962596,-3.9271270109391194,5.866430949852362,-14.08156917839771,89.84963785861406,-1.7820652038995075,-0.08359517181296415
23.778027184305365,0.8947010528407817,128.90721391299806,-3.927093362383776,5.866547721746002,-14.073360322940971,89.84876023868675,-1.827048594769749,-0.08620135817349969
23.914734829117243,0.8927514105521482,128.92003192027087,-3.9270595089593665,5.8666644440820575,-14.06514974397525,89.84788239365224,-1.8731321739126683,-0.08889581032776817
24.051463689127804,0.8908025420662299,128.93285334804804,-3.9270254504936646,5.8667811163628665,-14.056937451860925,89.84700432318908,-1.920341481958467,-0.09168179815638318
24.188213835012107,0.8888544470433157,128.94567820301148,-3.926991186813818,5.866897738070196,-14.048723457497736,89.84612602697639,-1.9687026009724666,-0.09456272170386254
24.32498533830824,0.8869071251318783,128.9585064919241,-3.9269567177463403,5.867014308664218,-14.040507772348787,89.8452475046942,-2.018242163888147,-0.09754211651922624
24.461778271447493,0.8849605759681007,128.9713382216326,-3.926922043117096,5.867130827582449,-14.0322904084657,89.8443687560237,-2.0689873640095637,-0.10062365920874793
24.59859270778584,0.8830147991753814,128.98417339907027,-3.926887162751287,5.8672472942386165,-14.024071378514885,89.8434897806475,-2.1209659645780237,-0.10381117320836356
24.735428721636872,0.8810697943638165,128.99701203126014,-3.9268520764734407,5.867363708021456,-14.015850695805051,89.84261057825012,-2.1742063083972485,-0.10710863478293538
24.872286388306232,0.8791255611296609,129.00985412531818,-3.9268167841073938,5.867480068293454,-14.007628374315992,89.84173114851824,-2.2287373275104336,-0.11052017926018856
25.009165784127585,0.8771820990547626,129.0226996884564,-3.9267812854762805,5.867596374389509,-13.999404428728678,89.84085149114117,-2.2845885529227106,-0.11405010750683807
25.146066986500216,0.8752394077059719,129.03554872798674,-3.9267455804025153,5.867712625615519,-13.991178874456764,89.83997160581139,-2.3417901243613577,-0.11770289265478005
25.28299007392835,0.8732974866345252,129.04840125132426,-3.9267096687077774,5.867828821246884,-13.982951727679556,89.83909149222497,-2.400372800065767,-0.12148318708535163
25.419935126062214,0.8713563353754001,129.0612572659912,-3.9266735502129966,5.867944960526918,-13.97472300537649,89.83821115008212,-2.460367966598644,-0.1253958296793591
25.556902223741005,0.8694159534466412,129.07411677962094,-3.926637224738332,5.868061042665186,-13.966492725363217,89.8373305790879,-2.5218076486687515,-0.12944585334135406
25.69389144903774,0.8674763403486554,129.08697979996188,-3.9266006921031593,5.868177066835718,-13.958260906329393,89.83644977895288,-2.584724518955775,-0.13363849280570592
25.83090288530618,0.8655374955634769,129.09984633488222,-3.9265639521260485,5.868293032175138,-13.950027567878177,89.83556874939377,-2.6491519079254537,-0.1379791927331239
25.967936617229867,0.8635994185539971,129.11271639237413,-3.926527004624746,5.868408937780666,-13.941792730567588,89.83468749013436,-2.7151238136244733,-0.14247361610522463
26.104992730873334,0.8616621087631622,129.1255899805585,-3.926489849416158,5.86852478270802,-13.933556415953806,89.83380600090632,-2.7826749114416938,-0.1471276529255811
26.24207131373568,0.859725565613132,129.13846710769013,-3.9264524863163217,5.868640565969177,-13.925318646636445,89.83292428145026,-2.851840563822695,-0.1519474292350478
26.379172454806497,0.8577897885044032,129.15134778216265,-3.926414915140392,5.868756286530006,-13.91707944630596,89.8320423315167,-2.9226568299230036,-0.15693931644931353
26.5162962446244,0.8558547768148929,129.164232012514,-3.9263771357026176,5.8688719433077505,-13.908838839793269,89.83116015086729,-2.9951604751847953,-0.162109941026335
26.65344277533808,0.8539205298989799,129.1771198074321,-3.9263391478163134,5.868987535168379,-13.900596853121653,89.83027773927604,-3.069388980820149,-0.16746619447129768
26.790612140770207,0.8519870470865054,129.19001117576067,-3.9263009512938423,5.869103060923755,-13.892353513561105,89.82939509653077,-3.1453805531834367,-0.17301524368650667
26.92780443648412,0.8500543276817264,129.2029061265055,-3.926262545946587,5.869218519328644,-13.884108849685191,89.82851222243458,-3.2231741330136128,-0.17876454167287267
27.06501975985355,0.8481223709622245,129.21580466884072,-3.926223931584923,5.86933390907753,-13.875862891430566,89.82762911680747,-3.302809404526258,-0.18472183859014768
27.20225821013544,0.8461911761777656,129.22870681211572,-3.9261851080181964,5.869449228801256,-13.867615670159262,89.82674577948825,-3.3843268043337233,-0.19089519318180964
27.339519888546057,0.8442607425491078,129.24161256586189,-3.92614607505469,5.869564477063436,-13.859367218723868,89.82586221033644,-3.4677675301700184,-0.1972929845705901
27.476804898340447,0.8423310692667586,129.25452193980024,-3.926106832501601,5.869679652356658,-13.85111757153576,89.82497840923443,-3.5531735493958787,-0.20392392442971155
27.614113344895475,0.8404021554896742,129.26743494384888,-3.926067380165006,5.869794753098456,-13.84286676463649,89.82409437608989,-3.640587607257586,-0.2107970695345731
27.751445335796543,0.8384740003439043,129.28035158813105,-3.926027717849832,5.869909777627022,-13.834614835772504,89.82321011083823,-3.730053234871399,-0.21792183469872375
27.88880098092816,0.8365466029211743,129.29327188298345,-3.9259878453598227,5.870024724196656,-13.826361824473336,89.82232561344551,-3.821614756903658,-0.2253080060969456
28.026180392568527,0.8346199622774069,129.3061958389649,-3.92594776249751,5.870139590972947,-13.818107772133434,89.82144088391141,-3.915317298914383,-0.23296575497781719
28.16358368548832,0.8326940774311777,129.31912346686565,-3.925907469064174,5.870254376027627,-13.809852722097784,89.82055592227262,-4.0112067943306355,-0.24090565176668027
28.301010977053807,0.8307689473621035,129.33205477771665,-3.9258669648598112,5.8703690773331285,-13.801596719751515,89.81967072860641,-4.10932999101319,-0.2491386805588495
28.438462387334553,0.8288445710091598,129.34498978279947,-3.925826249683094,5.870483692756792,-13.793339812613665,89.8187853030346,-4.209734457377981,-0.2576762540015485
28.575938039215814,0.8269209472689242,129.3579284936568,-3.9257853233313393,5.870598220054695,-13.785082050435273,89.81789964572793,-4.31246858803145,-0.26653022856199193
28.713438058515894,0.8249980749937448,129.3708709221032,-3.925744185600462,5.870712656865135,-13.776823485302046,89.8170137569106,-4.417581608875935,-0.27571292017669585
28.850962574108628,0.8230759529898264,129.38381708023618,-3.9257028362849384,5.870827000701647,-13.768564171741744,89.81612763686555,-4.525123581638954,-0.2852371202761197
28.98851171805122,0.8211545800152367,129.39676698044823,-3.925661275177765,5.870941248945634,-13.760304166836557,89.81524128593992,-4.635145407777068,-0.2951161121761441
29.126085625717636,0.8192339547778227,129.40972063543884,-3.925619502070415,5.8710553988384975,-13.752043530340641,89.81435470455112,-4.747698831702034,-0.3053636878261754
29.26368443593779,0.817314075933041,129.42267805822752,-3.9255775167527953,5.871169447473279,-13.743782324803114,89.81346789319348,-4.862836443273553,-0.31599416490114157
29.40130829114279,0.8153949420816909,129.4356392621669,-3.925535319013198,5.871283391785788,-13.735520615696672,89.81258085244532,-4.980611679500249,-0.3270224042220077
29.538957337516393,0.8134765517675531,129.44860426095678,-3.9254929086382573,5.871397228545141,-13.72725847155215,89.81169358297689,-5.101078825385697,-0.33846382748709464
29.676631725153047,0.8115589034749251,129.4615730686587,-3.9254502854129,5.8715109543437345,-13.718995964099262,89.81080608555875,-5.224293013853866,-0.35033443529248137
29.814331608222666,0.8096419956260544,129.4745456997109,-3.9254074491203004,5.871624565586553,-13.710733168413764,89.80991836107111,-5.3503102246835015,-0.36265082541789134
29.952057145142465,0.8077258265784583,129.48752216894405,-3.9253643995418255,5.871738058479808,-13.7024701630714,89.80903041051381,-5.479187282377293,-0.37543021134955823
30.08980849875614,0.8058103946221342,129.50050249159796,-3.925321136456985,5.871851429018871,-13.694207030308837,89.80814223501729,-5.61098185288705,-0.38869044100838906
30.227585836520603,0.8038956979766501,129.5134866833384,-3.9252776596433843,5.871964672975411,-13.685943856191955,89.8072538358544,-5.745752439111992,-0.4024500156478523
30.36538933070068,0.8019817347881115,129.52647476027508,-3.925233968876667,5.872077785883747,-13.677680730791813,89.80636521445345,-5.88355837508157,-0.41672810888060313
30.503219158571945,0.8000685031260049,129.53946673898014,-3.925190063930461,5.8721907630263095,-13.669417748368575,89.80547637241214,-6.024459818730616,-0.43154458578926524
30.64107550263212,0.7981560009799055,129.55246263650756,-3.9251459445763293,5.872303599418189,-13.661155007563787,89.80458731151283,-6.1685177431678255,-0.4469200220705231
30.77895855082126,0.79624422625605,129.56546247041334,-3.925101610583709,5.872416289790701,-13.652892611601336,89.80369803373907,-6.315793926334861,-0.46287572315719216
30.916868496751114,0.794333176773768,129.57846625877625,-3.9250570617198624,5.8725288285739135,-13.644630668497474,89.80280854129367,-6.4663509389458484,-0.4794337432562121
31.054805539943974,0.7924228502617651,129.59147402021995,-3.9250122977498134,5.872641209878057,-13.636369291280284,89.80191883661817,-6.620252130592794,-0.4966169042349982
31.19276988608134,0.7905132443542544,129.60448577393547,-3.9249673184363028,5.872753427473763,-13.62810859821898,89.80102892241403,-6.777561613895023,-0.5144488142813308
31.330761747262798,0.7886043565869296,129.61750153970493,-3.924922123539724,5.872865474771049,-13.619848713063455,89.80013880166568,-6.938344246566106,-0.5329538862557069
31.468781342275406,0.7866961843927754,129.6305213379261,-3.9248767128180697,5.872977344796968,-13.611589765294516,89.79924847766542,-7.102665611262438,-0.5521573556467717
31.606828896874006,0.7847887250977083,129.64354518963793,-3.92483108602688,5.873089030171861,-13.60333189038522,89.79835795404055,-7.270591993074246,-0.5720852980334574
31.74490464407281,0.7828819759160424,129.65657311654712,-3.924785242919189,5.87320052308409,-13.59507523007378,89.79746723478269,-7.442190354510286,-0.5927646459489563
31.88300882444866,0.7809759339457748,129.66960514105563,-3.9247391832454706,5.873311815263195,-13.586819932648504,89.79657632427966,-7.617528307821468,-0.6142232050327558
32.02114168645627,0.7790705961636843,129.6826412862896,-3.92469290675359,5.873422897951356,-13.578566153245257,89.79568522734989,-7.796674084501702,-0.6364896693486599
32.15930348675599,0.7771659594202359,129.69568157612878,-3.9246464131887526,5.873533761873056,-13.570314054157938,89.79479394927985,-7.979696501796035,-0.6595936357368758
32.297494490554314,0.7752620204342877,129.70872603523776,-3.9245997022934636,5.873644397202863,-13.562063805162472,89.79390249586457,-8.166664926039687,-0.683565617058795
32.435714971957665,0.7733587757875916,129.72177468909788,-3.9245527738074806,5.87375479353117,-13.55381558385487,89.79301087345137,-8.357649232643492,-0.7084370541830997
32.57396521433973,0.7714562219190823,129.73482756404067,-3.9245056274677754,5.873864939827822,-13.545569576003881,89.79211908898739,-8.552719762534043,-0.7342403265516315
32.71224551072288,0.7695543551189492,129.74788468728212,-3.9244582630085034,5.873974824403463,-13.537325975918796,89.791227150071,-8.751947274849448,-0.7610087611527895
32.85055616417398,0.767653171522482,129.76094608695888,-3.9244106801609715,5.874084434868504,-13.52908498683296,89.79033506500713,-8.955402895685209,-0.7887766397201121
32.98889748821499,0.7657526671036885,129.77401179216508,-3.9243628786536133,5.8741937580895245,-13.520846821303621,89.78944284286756,-9.16315806267531,-0.817579203961938
33.127269807248766,0.7638528376686721,129.78708183299085,-3.9243148582119747,5.874302780143017,-13.512611701628652,89.78855049355569,-9.375284465190457,-0.8474526586184339
33.26567345700049,0.7619536788487691,129.80015624056213,-3.924266618558706,5.874411486266275,-13.504379860280798,89.78765802787679,-9.59185397992607,-0.8784341721307821
33.40410878497505,0.7600551860934339,129.813235047082,-3.9242181594135572,5.874519860805276,-13.496151540360072,89.78676545761367,-9.812938601648654,-0.9105618746967803
33.54257615093067,0.7581573546628714,129.82631828587304,-3.9241694804933926,5.874627887159395,-13.487926996064896,89.78587279560854,-10.038610368863207,-0.9438748534773083
33.68107592736938,0.7562601796204053,129.83940599142161,-3.9241205815122067,5.87473554772275,-13.479706493182688,89.78498005585126,-10.268941284160547,-0.9784131447075531
33.81960850004436,0.7543636558245815,129.8524981994234,-3.924071462181161,5.874842823822026,-13.471490309600496,89.78408725357454,-10.504003229000089,-1.0142177224582187
33.95817426848471,0.7524677779209975,129.8655949468302,-3.924022122208631,5.874949695650539,-13.463278735836385,89.78319440535655,-10.743867872681124,-1.0513304837829085
34.09677364653784,0.7505725403338551,129.87869627189883,-3.923972561300266,5.875056142198371,-13.455072075592218,89.78230152923166,-10.988606575255016,-1.08979422998035
34.23540706292973,0.7486779372572294,129.89180221424084,-3.9239227791590703,5.875162141178352,-13.446870646328541,89.78140864480943,-11.238290284131836,-1.1296526436937024
34.374074961843405,0.7467839626460518,129.90491281487436,-3.9238727754855036,5.87526766894765,-13.438674779862202,89.78051577340291,-11.492989424137129,-1.170950261563846
34.51277780351566,0.7448906102068013,129.9180281162771,-3.923822549977602,5.875372700424774,-13.430484822987466,89.77962293816668,-11.752773780779526,-1.2137324421501379
34.651516064852395,0.7429978733879009,129.93114816244116,-3.9237721023311165,5.87547720900171,-13.422301138121234,89.77873016424516,-12.017712376496245,-1.2580453288301547
34.79029024006249,0.7411057453698171,129.9442729989292,-3.923721432239691,5.87558116645098,-13.414124103973107,89.77783747893201,-12.28787333965503,-1.3039358073908685
34.92910084131043,0.739214219054859,129.9574026729322,-3.923670539395054,5.875684542827341,-13.405954116240949,89.77694491184154,-12.56332376610109,-1.3514514580260528
35.06794839938761,0.7373232870566758,129.970537233329,-3.9236194234872497,5.875787306363874,-13.39779158833264,89.7760524950923,-12.844129573056533,-1.4006405014607368
35.20683346440234,0.7354329416894535,129.98367673074685,-3.923568084204906,5.875889423362175,-13.389636952114687,89.77516026350438,-13.130355345197442,-1.451551738932503
35.34575660648829,0.733543174956807,129.99682121762388,-3.9235165212355305,5.875990858076389,-13.381490658688342,89.77426825481064,-13.422064172758423,-1.504234485771128
35.48471841653141,0.7316539785403733,130.00997074827293,-3.9234647342658584,5.876091572590773,-13.373353179193888,89.77337650988306,-13.719317481543055,-1.5587384983348929
35.623719506914824,0.7297653437881053,130.02312537894656,-3.9234127229822344,5.876191526690521,-13.36522500564371,89.77248507297507,-14.022174854750824,-1.615113894081342
35.76276051228148,0.7278772617022701,130.03628516790383,-3.9233604870710557,5.876290677725512,-13.357106651784768,89.77159399198057,-14.330693846569678,-1.6734110645757536
35.901842090314,0.7259897229271558,130.0494501754779,-3.923308026219258,5.876388980466723,-13.34899865399107,89.77070331871084,-14.64492978752908,-1.7336805812699854
36.04096492253125,0.7241027177364946,130.0626204641452,-3.923255340114864,5.876486386954941,-13.340901572186672,89.76981310919034,-14.964935581653906,-1.7959730939187208
36.180129715100925,0.7222162360206061,130.07579609859573,-3.9232024284475937,5.876582846341496,-13.332815990799787,89.76892342397201,-15.290761495519806,-1.8603392215410228
36.3193371996673,0.7203302672732755,130.08897714580422,-3.923149290909543,5.876678304720673,-13.324742519748458,89.76803432847379,-15.62245493937181,-1.9268294358811706
36.45858813419333,0.7184448005783693,130.10216367510213,-3.923095927195938,5.876772704953506,-13.316681795458296,89.76714589333663,-15.960060240534853,-1.9954939373737166
36.597883303815955,0.7165598245962093,130.11535575825107,-3.9230423370059597,5.876865986482592,-13.308634481912677,89.76625819480583,-16.303618409424796,-2.0663825236770723
36.737223521713474,0.7146753275497119,130.12855346951605,-3.9229885200436714,5.876958085137652,-13.300601271735822,89.76537131513615,-16.653166898547987,-2.1395444509028008
36.87660962998369,0.7127912972103134,130.14175688573994,-3.922934476019017,5.877048932931457,-13.292582887309043,89.7644853430222,-17.008739354970206,-2.2150282877391017
37.016042500531185,0.7109077208836967,130.154966086418,-3.9228802046489384,5.877138457845878,-13.284580081920513,89.76360037405513,-17.3703653668292,-2.292881762741989
37.155523035962304,0.7090245853953407,130.16818115377245,-3.922825705658587,5.8772265836076745,-13.276593640948727,89.76271651120659,-17.738070204572068,-2.3731516051508637
37.295052170485896,0.7071418770759127,130.18140217282738,-3.922770978782656,5.8773132294537715,-13.268624383079912,89.76183386534119,-18.111874557703626,-2.4558833796712802
37.434630870817884,0.7052595817465309,130.19462923148308,-3.922716023766832,5.8773983098856935,-13.260673161559486,89.76095255575859,-18.49179426794893,-2.54112131576039
37.574260137087606,0.703377684703919,130.20786242059023,-3.9226608403693763,5.877481734412888,-13.252740865477634,89.76007271076612,-18.877840059851874,-2.628908132046253
37.71394100374354,0.7014961707054855,130.221101834023,-3.9226054283628544,5.8775634072846765,-13.244828421089055,89.75919446828307,-19.27001726995211,-2.719284856611638
37.85367454045612,0.6996150239543539,130.23434756875136,-3.9225497875360076,5.877643227210539,-13.236936793166848,89.75831797647783,-19.668325575810236,-2.812290643974397
37.99346185301486,0.6977342280843797,130.24759972491242,-3.9224939176957827,5.87772108706853,-13.22906698639042,89.75744339443851,-20.07275872627363,-2.907962589698538
38.13330408421725,0.6958537661451838,130.2608584058796,-3.9224378186695397,5.877796873601577,-13.22122004676734,89.75657089287829,-20.483304274502377,-3.006335543672166
38.2732024147464,0.6939736205872431,130.2741237183304,-3.92238149030743,5.87787046710148,-13.21339706308891,89.75570065487624,-20.89994331539549,-3.107441923188377
38.413158064034434,0.6920937732470727,130.287395772312,-3.9223249324849725,5.877941741080417,-13.20559916841924,89.75483287665442,-21.322650229172762,-3.21131152705991
38.55317229110863,0.6902142053325377,130.30067468130395,-3.922268145105828,5.878010561929813,-13.197827541617565,89.75396776839216,-21.751392432981106,-3.317971352090176
38.69324639541688,0.6883348974083368,130.31396056227845,-3.922211128104784,5.878076788566429,-13.190083408893525,89.75310555507791,-22.186130142489784,-3.427445413303679
38.833381717629415,0.6864558293816972,130.32725353575714,-3.9221538814509773,5.878140272065594,-13.182368045395066,89.75224647739977,-22.626816145529066,-3.539754569412303
38.97357964041322,0.6845769804883225,130.34055372586442,-3.922096405151338,5.878200855281483,-13.174682776828613,89.7513907926747,-23.073395589897487,-3.6549163550535093
39.113841589175856,0.6826983292786345,130.35386126037676,-3.9220386992542964,5.878258372454416,-13.167028981111217,89.75053877581719,-23.525805787518067,-3.7729448213826178
39.25416903277534,0.6808198536043509,130.36717627076789,-3.9219807638537487,5.87831264880516,-13.159408090054292,89.74969072034773,-23.983976037156594,-3.8938503866306466
39.39456348419254,0.6789415306054408,130.38049889224902,-3.9219225990932953,5.878363500116234,-13.151821591078672,89.74884693944126,-24.44782746792697,-4.017639698250711
39.53502650116299,0.6770633366974962,130.3938292638045,-3.9218642051707735,5.878410732300305,-13.144271028960642,89.74800776701592,-24.9172729057904,-4.144315508266073
39.67555968676472,0.6751852475595587,130.40716752822144,-3.921805582343088,5.878454140955717,-13.136758007608766,89.74717355886212,-25.392216765214545,-4.273876563403063
39.81616468995908,0.6733072381224396,130.42051383211438,-3.921746730931364,5.878493510909264,-13.129284191871289,89.74634469381205,-25.87255496808411,-4.406317511537463
39.95684320608158,0.6714292825575643,130.4338683259433,-3.9216876513264216,5.8785286157463625,-13.121851309374028,89.74552157494962,-26.35817489184936,-4.541628825905422
40.097596977280084,0.6695513542663766,130.44723116402577,-3.9216283439945996,5.878559217328751,-13.11446115238874,89.74470463086072,-26.848955348763443,-4.679796748428023
40.238427792897674,0.6676734258703276,130.460602504542,-3.921568809483933,5.878585065299915,-13.107115579732067,89.74389431692356,-27.344766597889844,-4.8208032533719525
40.37933748979813,0.6657954692014754,130.47398250953347,-3.921509048430707,5.878605896578437,-13.099816518695281,89.7430911166392,-27.8454703913584,-4.964626032418768
40.520327952631945,0.6639174552937146,130.48737134489406,-3.921449061566383,5.878621434839473,-13.09256596700521,89.74229554300186,-28.35092005611815,-5.111238502042773
40.66140111404128,0.6620393543746511,130.50076918035415,-3.9213888497249423,5.878631389984589,-13.085365994816863,89.7415081399087,-28.860960612171528,-5.2606098339042076
40.80255895480275,0.6601611358581331,130.51417618945695,-3.921328413850621,5.878635457600201,-13.078218746738447,89.74072948360939,-29.375428927986718,-5.412705008752763
40.94380350390692,0.6582827683374414,130.5275925495275,-3.9212677550060886,5.878633318404833,-13.071126443889677,89.7399601841946,-29.894153913471357,-5.567484894108635
41.08513683857442,0.6564042195791389,130.5410184416338,-3.9212068743810593,5.878624637685434,-13.064091385994438,89.73920088712403,-30.41695675056031,-5.724906345749684
41.22656108420833,0.6545254565175723,130.5544540505402,-3.921145773301354,5.8786090647229905,-13.057115953509143,89.73845227479336,-30.943651161123082,-5.884922332784502
41.36807841428352,0.6526464452500115,130.56789956465295,-3.9210844532384357,5.878586232207623,-13.050202609788224,89.73771506814062,-31.474043711538055,-6.047482085839554
41.509691050173736,0.6507671510324078,130.5813551759582,-3.9210229158194223,5.878555755643365,-13.043353903288567,89.73699002829183,-32.00793415292261,-6.212531267636508
41.651401260917815,0.648887538275746,130.59482107995242,-3.9209611628376004,5.878517232742788,-13.036572469814821,89.7362779582467,-32.54511579564715,-6.380012164988786
41.793211362926804,0.6470075705429553,130.60829747556468,-3.920899196263438,5.878470242811604,-13.029861034807775,89.73557970460436,-33.08537591640933,-6.54986390100809
41.93512371963428,0.6451272105463435,130.6217845650724,-3.9208370182561323,5.87841434612333,-13.023222415678273,89.73489615933018,-33.62849619581128,-6.722022666089139
42.07714074109252,0.6432464201455077,130.63528255400942,-3.920774631175688,5.878349083284099,-13.016659524189294,89.7342282615646,-34.17425318405852,-6.896421966032741
42.21926488351769,0.6413651603456737,130.6487916510671,-3.920712037595547,5.878273974587551,-13.010175368889135,89.73357699947495,-34.722418792117445,-7.072992885486607
42.36149864878741,0.6394833912964066,130.66231206798926,-3.9206492403157904,5.878188519359837,-13.003773057598774,89.73294341215177,-35.27276080539644,-7.25166436472172
42.50384458389464,0.6376010722906343,130.67584401946002,-3.9205862423769187,5.878092195294564,-12.997455799956784,89.73232859155135,-35.82504341680078,-7.432363487635018
42.64630528036203,0.6357181617639168,130.68938772298634,-3.9205230470742314,5.877984457777557,-12.991226910025285,89.7317336844864,-36.37902777581888,-7.615015778767648
42.78888337362109,0.6338346172938955,130.7029433987747,-3.920459657972816,5.877864739201157,-12.985089808960716,89.73115989466713,-36.93447255015653,-7.799545507061663
42.93158154236102,0.6319503955998471,130.71651126960202,-3.920396078923179,5.877732448267821,-12.979048027753306,89.73060848479552,-37.491134496337644,-7.985875994043235
43.074402507851886,0.6300654525422716,130.73009156068272,-3.920332314077512,5.877586969282575,-12.973105210039318,89.73008077871542,-38.048769035634244,-8.173929924118408
43.21734903324733,0.6281797431224327,130.74368449953042,-3.9202683679066355,5.877427661433961,-12.967265114990308,89.72957816362195,-38.60713083168456,-8.363629654698446
43.3604239228719,0.6262932214817754,130.7572903158159,-3.920204245217621,5.877253858062895,-12.961531620283752,89.7291020923339,-39.16597436619178,-8.554897523932137
43.503630021498154,0.6244058409011394,130.77090924122191,-3.9201399511721307,5.877064865918924,-12.955908725159533,89.72865408563273,-39.72505450918152,-8.747656153913077
43.64697021361886,0.6225175537996909,130.78454150929406,-3.9200754913054725,5.876859964403154,-12.95040055356688,89.72823573467302,-40.2841270804121,-8.941828747344527
43.790447422719346,0.6206283117334894,130.79818735528949,-3.9200108715464204,5.876638404797194,-12.945011357406456,89.72784870346861,-40.84294939869968,-9.13733937578534
43.934064610555325,0.6187380653936132,130.81184701602297,-3.919946098237798,5.876399409477266,-12.939745519872336,89.72749473145954,-41.40128081610533,-9.33411325775703
44.07782477644097,0.6168467646037661,130.82552072971112,-3.919881178157877,5.876142171112675,-12.934607558898755,89.72717563616544,-41.95888323415909,-9.532077025167498
44.22173095655238,0.6149543583172866,130.8392087358151,-3.919816118542597,5.875865851847661,-12.929602130716432,89.72689331593077,-42.515521599542254,-9.731158976693717
44.365786223250964,0.6130607946134898,130.85291127488196,-3.9197509271086437,5.875569582465693,-12.924734033523523,89.72664975276814,-43.07096437691628,-9.931289316960493
44.50999368443141,0.6111660206932659,130.86662858838514,-3.9196856120774255,5.875252461535127,-12.920008211276025,89.72644701530636,-43.62498399686748,-10.13240038055165
44.65435648289844,0.6092699828738701,130.88036091856452,-3.919620182199967,5.8749135545351345,-12.915429757602764,89.72628726184955,-44.177357277229596,-10.334426840091082
44.79887779577658,0.6073726265828372,130.89410850826604,-3.919554646782761,5.874551892960769,-12.911003919849886,89.72617274355486,-44.72786581634145,-10.537305897829254
44.94356083395658,0.6054738963509567,130.90787160078142,-3.91948901571462,5.87416647340591,-12.906736103259925,89.72610580773616,-45.27629635709248,-10.740977460362958
45.08840884158227,0.6035737358042516,130.92165043968802,-3.9194232994945613,5.873756256622903,-12.902631875290501,89.72608890130158,-45.82244112090169,-10.945384296301457
45.23342509558108,0.6016720876549024,130.93544526868905,-3.9193575092607738,5.873320166557534,-12.898696970077681,89.72612457433294,-46.36609811105766,-11.15047217686558
45.37861290524129,0.599768893691066,130.94925633145434,-3.9192916568206995,5.87285708935804,-12.894937293049106,89.72621548381595,-46.90707138512092,-11.356189999568956
45.52397561183884,0.5978640947655378,130.96308387146192,-3.9192257546822966,5.872365872356769,-12.891358925691945,89.72636439752978,-47.4451712963449,-11.562489895277405
45.66951658831631,0.5959576307832133,130.9769281318404,-3.919159816086514,5.871845323023077,-12.887968130480791,89.7265741981056,-47.98021470431523,-11.769327319076867
45.81523923901631,0.5940494406873027,130.99078935521194,-3.919093855041041,5.871294207886014,-12.884771355970623,89.72684788726365,-48.51202515522489,-11.976661125496157
45.961146999471474,0.5921394624442633,131.0046677835366,-3.919027886355389,5.870711251425336,-12.881775242059954,89.72718859023898,-49.04043303240675,-12.184453628733449
46.10724333625292,0.5902276330274075,131.01856365795726,-3.918961925677359,5.870095134929322,-12.87898662542937,89.72759956040642,-49.56527567792386,-12.392670648620168
46.25353174687886,0.5883138883991548,131.0324772186456,-3.918895989530957,5.869444495317886,-12.876412545160642,89.72808418411569,-50.08639748617556,-12.60128154312594
46.400015759784914,0.5863981634918934,131.046408704649,-3.9188300953558324,5.868757923929406,-12.874060248541664,89.72864598574817,-50.60364997061364,-12.810259228262561
46.546698934357536,0.5844803921874242,131.06035835373842,-3.9187642615482905,5.868033965269696,-12.871937197062504,89.7292886330072,-51.11689180478009,-13.019580186286108
46.69358486103173,0.5825605072949531,131.07432640225684,-3.9186985075039753,5.867271115721512,-12.870051072607923,89.73001594245433,-51.62598883896735,-13.229224463121943
46.84067716145432,0.5806384405276113,131.08831308496838,-3.918632853662274,5.866467822212964,-12.868409783851744,89.73083188530458,-52.130814093879565,-13.439175655952463
46.98797948871368,0.5787141224774723,131.10231863490839,-3.918567321552546,5.865622480843175,-12.867021472858578,89.73174059349411,-52.63124773272752,-13.649420891911085
47.13549552763706,0.5767874825890448,131.1163432832334,-3.9185019338422404,5.864733435463515,-12.86589452189841,89.73274636603456,-53.12717701322428,-13.859950798817563
47.283228995156406,0.5748584491312149,131.13038725907194,-3.9184367143870085,5.863798976212675,-12.865037560479678,89.73385367566901,-53.618496220973256,-14.070759468875757
47.43118364074366,0.5729269491676162,131.1444507893751,-3.918371688282892,5.862817338003913,-12.86445947260657,89.73506717584458,-54.10510658574287,-14.281844416230225
47.57936324691643,0.570992908525403,131.15853409876743,-3.9183068819206923,5.86178669896265,-12.864169404266319,89.73639170801862,-54.58691618211639,-14.493206529248836
47.72777162981515,0.5690562517624047,131.17263740939737,-3.9182423230426133,5.860705178812682,-12.864176771152362,89.73783230931487,-55.06383981598501,-14.704850018363098
47.876412639852674,0.5671169021326369,131.18676094078756,-3.918178040801298,5.859570837209169,-12.864491266629415,89.7393942205477,-55.53579889832255,-14.91678236025861
48.02529016243753,0.5651747815501459,131.20090490968465,-3.9181140658213636,5.858381672016578,-12.865122869946466,89.7410828946334,-56.002721307640975,-15.129014239165029
48.174408118772014,0.5632298105511612,131.21506952990813,-3.918050430263551,5.857135617529702,-12.86608185470399,89.74290400540768,-56.46454124248076,-15.341559485950064
48.32377046672652,0.5612819082545315,131.22925501219865,-3.917987167891623,5.855830542635846,-12.867378797581575,89.74486345687066,-56.921199065235506,-15.554435015675196
48.47338120179167,0.5593309923204158,131.24346156406503,-3.917924314142127,5.854464248916246,-12.869024587332447,89.74696739288068,-57.37264113855467,-15.767660764223324
48.62324435810982,0.5573769789072032,131.25768938963003,-3.917861906197172,5.85303446868474,-12.871030434051406,89.74922220732016,-57.818819655505386,-15.981259624560856
48.773364009588015,0.5554197826266303,131.27193868947484,-3.9177999830603487,5.851538862961689,-12.87340787872275,89.75163455475743,-58.259692464610396,-16.195257383149386
48.92374427109429,0.5534593164970668,131.28620966048186,-3.9177385856359623,5.849975019381048,-12.87616880305497,89.75421136163023,-58.695222890815025,-16.40968265697607
49.074389299739835,0.5514954918949339,131.30050249567566,-3.91767775681171,5.848340450028542,-12.87932543960902,89.7569598379773,-59.12537955336674,-16.624566831626222
49.22530329624949,0.5495282185042221,131.31481738406214,-3.9176175415449928,5.846632589208761,-12.882890382227115,89.75988748974699,-59.55013618152405,-16.839944000777724
49.3764905064236,0.5475574042640708,131.32915451046557,-3.9175579869530077,5.844848791138967,-12.886876596769046,89.76300213171194,-59.96947142894718,-17.05585090745609
49.52795522269426,0.5455829553143704,131.34351405536327,-3.917499142406834,5.84298632756741,-12.891297432163169,89.76631190102223,-60.383368687555134,-17.272326887348267
49.67970178577967,0.543604775939343,131.35789619471814,-3.9174410596296716,5.841042385313792,-12.896166631779227,89.76982527142965,-60.79181590156939,-17.48941381443578
49.83173458644027,0.5416227685090613,131.37230109980842,-3.91738379279945,5.839014063729558,-12.90149834513026,89.77355106821848,-61.19480538240447,-17.707156049172763
49.98405806734116,0.5396368334188534,131.38672893705518,-3.9173273986560173,5.836898372075564,-12.90730713991096,89.77749848388024,-61.59233362500268,-17.925600389400756
50.136676725025254,0.5376468690265483,131.40117986784696,-3.9172719366131146,5.834692226814663,-12.913608014379772,89.78167709457126,-61.98440112615686,-18.14479602416177
50.28959511200246,0.5356527715875055,131.41565404836155,-3.917217468875386,5.832392448816621,-12.920416410092217,89.78609687739521,-62.37101220530482,-18.364794490541694
50.44281783896041,0.5336544351873731,131.43015162938494,-3.9171640605606473,5.829995760472766,-12.92774822499278,89.79076822855413,-62.752174828231944,-18.58564963365025
50.5963495771028,0.5316517516725182,131.44467275612774,-3.9171117798276853,5.8274987827176625,-12.93561982687283,89.79570198241498,-63.12790043406768,-18.80741756981923
50.75019506062201,0.5296446105780614,131.45921756803813,-3.917060698009839,5.824898031955027,-12.944048067201948,89.80090943154069,-63.49820376591403,-19.030156653077768
50.90435908931322,0.5276328990534532,131.4737861986124,-3.917010889754658,5.8221899168850335,-12.953050295340004,89.8064023477383,-63.86310270540401,-19.253927444943745
51.05884653133775,0.5256165017855201,131.48837877520228,-3.9169624331699247,5.819370735230066,-12.962644373137328,89.81219300417928,-64.2226181114463,-19.4787926875512
51.21366232614429,0.5235953009189062,131.50299541881955,-3.91691540997635,5.816436670355879,-12.97284868993013,89.81829419865089,-64.57677366337401,-19.704817280116234
51.368811487556854,0.5215691759738321,131.51763624393786,-3.9168699056672756,5.813383787785026,-12.983682177938272,89.8247192780007,-64.92559570868532,-19.93206825872942
51.52429910703981,0.5195380037610888,131.53230135829185,-3.9168260096757197,5.810208031599338,-12.995164328072375,89.8314821638402,-65.26911311552858,-20.160614779447645
51.68013035715035,0.5175016582941775,131.54699086267368,-3.916783815549131,5.806905220728102,-13.00731520615695,89.83859737957762,-65.60735713005585,-20.390528104645195
51.83631049519019,0.5154600106985037,131.56170485072712,-3.916743421132235,5.803471045118499,-13.020155469576192,89.84608007885377,-65.94036123874714,-20.621881592573473
51.99284486706901,0.5134129291175279,131.57644340873975,-3.9167049287583664,5.799901061784704,-13.033706384348664,89.85394607546034,-66.26816103577877,-20.854750690066215
52.149738911393065,0.5113602786157684,131.59120661543255,-3.916668445449707,5.796190690731989,-13.047989842636927,89.86221187482371,-66.5907940954927,-21.089212928318744
52.306998163793644,0.5093019210785481,131.6059945417485,-3.91663408312689,5.792335210751967,-13.06302838069775,89.87089470714334,-66.90829985000067,-21.325347921658704
52.46462826151107,0.5072377151083673,131.62080725063916,-3.916601958828425,5.788329755085008,-13.078845197278218,89.88001256227908,-67.22071947194569,-21.56323736921926
52.62263494825129,0.5051675159177821,131.6356447968507,-3.91657219494044,5.784169306945707,-13.09546417246257,89.8895842264878,-67.52809576242322,-21.802965059415538
52.781024079333235,0.5030911752186538,131.65050722670907,-3.91654491943727,5.779848694907109,-13.112909886974139,89.89962932111568,-67.8304730440563,-22.044616877118415
52.93980162714691,0.5010085411076365,131.66539457790483,-3.916520266133434,5.775362588139212,-13.13120764193622,89.91016834335991,-68.127897059207,-22.28828081341239
53.09897368694339,0.49891945794775,131.6803068792788,-3.9164983749475892,5.770705491497122,-13.150383479095108,89.92122270921999,-68.42041487329533,-22.53404697781574
53.25854648297977,0.4968237662458834,131.6952441506082,-3.9164793921790784,5.7658717404539646,-13.170464201507817,89.93281479876742,-68.70807478319243,-22.78200761283473
53.418526375043925,0.49472130252606245,131.71020640239473,-3.9164634707977095,5.76085549587353,-13.191477394696363,89.94496800387027,-68.9909262306475,-23.032257110715978
53.578919865385934,0.49261189919830056,131.7251936356547,-3.9164507707474696,5.755650738617271,-13.213451448269616,89.9577067785181,-69.2690197207045,-23.284892032253698
53.739733606084954,0.4904953844228422,131.7402058417124,-3.916441459264895,5.750251263980158,-13.236415578012908,89.97105669190265,-69.5424067450591,-23.54001112750004
53.90097440688304,0.4883715819695944,131.75524300199754,-3.916435711212864,5.7446506759494955,-13.260399848444601,89.9850444844194,-69.81113971030756,-23.797715358219456
54.06264924351956,0.48624031107252513,131.77030508784745,-3.916433709430642,5.738842381280562,-13.285435195837877,89.99969812676673,-70.07527187103783,-24.05810792191964
54.224765266602816,0.4841013862787914,131.7853920603157,-3.9164356451010316,5.732819583382587,-13.311553451704839,90.0150468823305,-70.33485726771119,-24.321294277281712
54.38732981105837,0.48195461729234224,131.8005038699876,-3.9164417181355615,5.726575276008232,-13.33878736673894,90.03112137305534,-70.58995066928799,-24.587382170804386
54.550350406196955,0.47979980881172035,131.81564045680452,-3.916452137578685,5.720102236739293,-13.367170635210474,90.04795364901739,-70.84060752055036,-24.856481664465704
54.71383478644818,0.47763676036176284,131.83080174989803,-3.9164671220320235,5.7133930202609635,-13.39673791980857,90.06557726192763,-71.08688389408171,-25.128705164196887
54.87779090281043,0.4754652661188784,131.8459876674357,-3.9164869000997795,5.706439951416454,-13.427524876921783,90.08402734281155,-71.32883644686139,-25.404167448950048
55.042226935071284,0.47328511472954704,131.86119811648004,-3.916511710856471,5.699235118033263,-13.459568182347947,90.10334068412763,-71.56652238144646,-25.68298570013216
55.20715130485762,0.4710960891216611,131.87643299286287,-3.916541804338268,5.691770363511773,-13.49290555742246,90.123555826606,-71.79999941171098,-25.96527953116383
55.37257268957966,0.46889796630828623,131.8916921810764,-3.9165774420592623,5.684037279166196,-13.527575795552673,90.1447131511086,-72.02932573312484,-26.25117101690946
55.53850003733865,0.4666905171833865,131.9069755541843,-3.9166188975540988,5.676027196307131,-13.563618789144542,90.16685497583434,-72.25455999755985,-26.540784722712125
55.70494258287409,0.4644735063090114,131.9222829737542,-3.9166664569485166,5.667731178054199,-13.601075556906103,90.19002565921583,-72.47576129262184,-26.83424773275327
55.87190986463324,0.46224669169339355,131.93761428981514,-3.916720419559423,5.659140010866257,-13.639988271510832,90.21427170888084,-72.69298912551382,-27.131689677442626
56.03941174305287,0.46000982455935197,131.9529693408422,-3.9167810985262808,5.650244195775715,-13.680400287602511,90.23964189707901,-72.90630341144973,-27.433242759530522
56.20745842015154,0.4577626491023305,131.9683479537722,-3.916848821475688,5.641033939312237,-13.722356170121735,90.26618738300509,-73.11576446664613,-27.739041778620006
56.376060460539705,0.45550490223733664,131.9837499440532,-3.9169239312211865,5.631499144099913,-13.76590172293302,90.29396184248345,-73.32143300593442,-28.049224153742617
56.5452288139648,0.45323631333396136,131.9991751157324,-3.917006786500499,5.621629399110386,-13.811084017730328,90.32302160551501,-73.52337014504982,-28.363929943648486
56.71497483951974,0.4509566039385765,132.01462326158628,-3.917097762752547,5.611413969552902,-13.857951423197976,90.35342580222712,-73.72163740766511,-28.68330186444786
56.88531033165529,0.44866548748270385,132.03009416329692,-3.9171972529368073,5.600841786380253,-13.9065536344034,90.38523651781183,-73.9162967372574,-29.00748530423086
57.05624754815044,0.4463626689764372,132.04558759168097,-3.917305668397782,5.589901435387581,-13.956941702398083,90.41851895708507,-74.10741051391166,-29.336628334281876
57.22779924021009,0.44404784468567404,132.06110330697538,-3.9174234397775622,5.578581145878532,-14.009168064003418,90.45334161935263,-74.2950415761833,-29.67088171649783
57.39997868487615,0.4417207017917625,132.07664105918658,-3.9175510179797586,5.566868778870571,-14.063286571759226,90.48977648432793,-74.47925324816549,-30.01039890661494
57.572799719956926,0.4393809180320144,132.09220058850963,-3.917688875188333,5.554751814808202,-14.119352524014602,90.52789920991039,-74.66010937192765,-30.35533605284819
57.746276781700566,0.43702816131933986,132.10778162582417,-3.917837505945201,5.54221734074929,-14.177422695143473,90.56778934270575,-74.83767434551905,-30.705851989552187
57.920424945462116,0.4346620893390567,132.12338389327596,-3.9179974282908328,5.529252036985723,-14.237555365871359,90.60953054224927,-75.01201316675711,-31.062108225521108
58.095259969639685,0.4322823491206824,132.13900710495176,-3.918169184972477,5.515842163055073,-14.29981035370516,90.65321081998175,-75.18319148305436,-31.424268926564682
58.270798343185106,0.4298885765822469,132.15465096765797,-3.9183533447250856,5.501973543094735,-14.364249043465046,90.6989227941272,-75.35127564756918,-31.792500892022005
58.44705733702761,0.4274803960443521,132.17031518181318,-3.9185505036305384,5.487631550484072,-14.430934417926663,90.74676396173312,-75.51633278200876,-32.166973524913715
58.62405505978659,0.4250574197108524,132.1859994424664,-3.918761286561317,5.472801091713256,-14.499931088593653,90.79683698925828,-75.67843084645088,-32.54785879548194
58.80181051819204,0.42261924711262316,132.2017034404544,-3.9189863487154533,5.457466589409727,-14.571305326635006,90.84925002323378,-75.83763871660538,-32.93533119793458
58.98034368267906,0.42016546451042436,132.21742686371167,-3.919226377250302,5.441611964444169,-14.645125094039908,90.90411702268236,-75.99402626898906,-33.32956770029445
59.15967555867756,0.4176956442523365,132.2331693987497,-3.919482093023523,5.4252206170276285,-14.721460075064924,90.96155811515955,-76.14766447455148,-33.730747687360505
59.33982826417993,0.4152093440806397,132.2489307323229,-3.9197542524506193,5.4082754066994525,-14.800381708075452,91.02169997848523,-76.29862550136211,-34.139052896921186
59.52082511424025,0.41270610638231037,132.26471055330072,-3.9200436494894784,5.3907586310920355,-14.881963217916129,91.08467625046563,-76.4469828270515,-34.554667349523754
59.70269071313919,0.41018545737650786,132.28050855476837,-3.920351117763601,5.372652003342475,-14.96627964898449,91.15062796917138,-76.59281136179487,-34.977777272303726
59.88545105504073,0.40764690623150535,132.29632443638027,-3.9206775328371433,5.353936628002854,-15.053407899229606,91.21970404664063,-76.73618758273493,-35.40857101762077
60.06913363407337,0.405089944102449,132.31215790699417,-3.9210238146565684,5.334592975279553,-15.143426755354362,91.29206177922572,-76.87718968086976,-35.84723897754224
60.25376756488965,0.40251404308010497,132.32800868761606,-3.9213909301755963,5.314600853407211,-15.236416929567872,91.36786739820343,-77.01589772157729,-36.29397349556635
60.43938371489917,0.39991865503932766,132.34387651469197,-3.921779896182382,5.29393937893409,-15.332461098315356,91.44729666473401,-77.1523938201207,-36.74896877740001
60.62601484953224,0.3973032103743269,132.35976114378437,-3.922191782350392,5.272586944661909,-15.431643943508766,91.5305355137932,-77.28676233367842,-37.21242080310894
60.81369579208063,0.3946671166058958,132.3756623536787,-3.9226277145374797,5.250521184943867,-15.53405219689548,91.61778075232844,-77.41909007167783,-37.684527243555536
61.00246359988124,0.3920097568435154,132.39157995097005,-3.9230888783611344,5.227718937998362,-15.63977468833728,91.7092408176226,-77.54946652648393,-38.16548738475012
61.192357758864574,0.38933048808263704,132.40751377518737,-3.9235765230819997,5.204156204841749,-15.748902398931714,91.80513660270474,-77.67798412682042,-38.655502064582464
61.38342039879023,0.38662863931437963,132.42346370452012,-3.9240919658325493,5.179808104379595,-15.86152852009706,91.9057023566548,-77.80473851667541,-39.154773627393155
61.575696531843626,0.38390350942127816,132.4394296622233,-3.9246365962334937,5.154648824120602,-15.97774851996582,92.0111866688349,-77.92982886289359,-39.66350590302073
61.76923431768326,0.38115436482848336,132.45541162378578,-3.925211881447217,5.128651565888073,-16.09766021869635,92.12185354748327,-78.05335819518224,-40.181904218346155
61.96408535851861,0.37838043687480793,132.4714096249615,-3.9258193717254737,5.101788485798114,-16.221363874625492,92.2379836047724,-78.17543378287829,-40.710175450993
62.160305028380726,0.3755809188620902,132.48742377077778,-3.926460706518055,5.074030627647707,-16.34896228355593,92.35987536241608,-78.29616755355858,-41.24852813677312
62.35795284144103,0.37275496273430375,132.5034542456534,-3.927137621220471,5.045347848705564,-16.480560893911736,92.48784669428142,-78.415676559439,-41.797172644746
62.55709286506206,0.3699016753294531,132.51950132478086,-3.927851954652212,5.015708736718751,-16.616267941017146,92.6222364253072,-78.53408349852852,-42.35632143645093
62.75779418425826,0.367020114137259,132.5355653869528,-3.9286056573735038,4.985080516732008,-16.7561946043737,92.76340610945651,-78.65151729870625,-42.926189429048314
62.960131425442285,0.36410928248359864,132.551646929044,-3.929400800968161,4.953428946056544,-16.900455192548765,92.91174201357649,-78.76811377429989,-43.50699448586135
63.16418534878079,0.3611681240481626,132.56774658239658,-3.9302395884440364,4.920718195410502,-17.049167361168735,93.06765733906975,-78.88401636639739,-44.098958062248535
63.37004352024309,0.3581955166042682,132.58386513140172,-3.931124365931691,4.886910713872097,-17.20245237056186,93.23159471941787,-78.99937698004585,-44.70230603998509
63.577801076572094,0.3551902648485103,132.60000353462473,-3.9320576358974657,4.851967074822438,-17.360435390855635,93.40402903911114,-79.11435693371571,-45.31726978953674
63.78756159903657,0.3521510921620517,132.61616294888475,-3.9330420721309047,4.815845799488956,-17.52324586384586,93.58547062878047,-79.22912803894057,-45.94408750693428
63.99943811505924,0.3490766311137344,132.63234475678127,-3.9340805368203946,4.778503154006959,-17.6910179327741,93.77646890274598,-79.34387383088777,-46.583005880588935
64.21355425081465,0.3459654124764297,132.64855059825433,-3.935176100097815,4.7398929150653375,-17.863890953343606,93.97761651937093,-79.45879097370873,-47.23428215351269
64.43004556285578,0.34281585248036167,132.66478240688423,-3.936332062516289,4.6999660981534745,-18.042010101953373,94.18955416228435,-79.57409086773963,-47.89818665819934
64.6490610830178,0.33962623796833047,132.6810424517781,-3.937551981029383,4.658670641131416,-18.22552710033269,94.41297606268108,-79.690001488694,-48.57500591498757
64.87076511859564,0.3363947090450625,132.69733338606605,-3.938839699171173,4.615951034243658,-18.414601079632753,94.64863641077724,-79.80676949139416,-49.2650464000246
65.09533935952534,0.33311923872292953,132.7136583032409,-3.9401993823020653,4.571747885714604,-18.609399611710412,94.89735683973105,-79.9246626113978,-49.96863910561657
65.32298535656341,0.3297976089549102,132.7300208028299,-3.9416355589949967,4.525997409612195,-18.810099940970805,95.16003521004986,-80.04397239543403,-50.6861450328091
65.55392744994438,0.32642738230813023,132.7464250671934,-3.9431531699034643,4.478630819643782,-19.016890456865777,95.43765597944291,-80.16501728300334,-51.41796177134328
65.7884162475586,0.32300586836237544,132.76287595160096,-3.9447576257928927,4.429573608846786,-19.229972455086337,95.73130251575553,-80.28814604184583,-52.1645313313773
66.02673277636053,0.3195300837126578,132.77937909014457,-3.946454876850776,4.378744690659632,-19.449562244650348,96.04217180345982,-80.41374152067633,-52.926349386311905
66.26919346165523,0.3159967042101377,132.79594102048154,-3.948251495943519,4.326055371563261,-19.675893668241095,96.37159211256228,-80.54222460883143,-53.70397605128869
66.51615612726712,0.312402007793962,132.8125693308149,-3.9501547791872533,4.271408119470852,-19.909221113562563,96.7210443488719,-80.67405815871201,-54.49804822898118
66.76802725612205,0.30874180596341805,132.82927283279264,-3.952172868073808,4.214695085742649,-20.14982310238338,97.09218799245183,-80.80975038885975,-55.30929335100046
67.02527080493061,0.3050113616592469,132.84606176390344,-3.954314898457955,4.1557963332447745,-20.398006547578685,97.48689276054897,-80.94985686652036,-56.13854393445162
67.28841892465532,0.3012052911680143,132.8629480219796,-3.9565911829481184,4.0945777208291725,-20.654111759220605,97.90727739847789,-81.09497943652212,-56.986751586379306
67.55808498913252,0.29731744785617975,132.87994543165254,-3.9590134345369843,4.030888401455568,-20.918518243653715,98.35575728323235,-81.24575919388978,-57.854997614428996
67.83497935073609,0.29334078653753864,132.89707003623738,-3.9615950403343425,3.96455791806265,-21.19165124588691,98.83510275097245,-81.40285842241143,-58.744494696356945
68.11992816534837,0.28926720998459526,132.914340395189,-3.9643513942339736,3.8953929502627918,-21.473988782087442,99.34851006364192,-81.56692277794781,-59.65656921071314
68.41389533779598,0.285087405238552,132.9317778408781,-3.967300294526007,3.82317391795917,-21.76606849923895,99.89968634321983,-81.73850915899261,-60.59260543608031
68.71800689932968,0.2807906900684494,132.9494065986235,-3.9704624033085385,3.7476519608153347,-22.06849292021476,100.49294787086608,-81.91795615267453,-61.55391915144126
69.03357552843642,0.2763649142715046,132.96725358503974,-3.973861742376196,3.668547409524516,-22.38193023991205,101.13332645720183,-82.10516361713258,-62.54150828493298
69.36211984417112,0.2717965033258197,132.98534755397233,-3.977526153977039,3.585551914657287,-22.707105554646244,101.82666880349223,-82.29924134685282,-63.555605636858246
69.70536788624356,0.26707079816326873,133.0037170529032,-3.9814875700284307,3.4983380303232705,-23.044774181926403,102.57969589460193,-82.49799881342042,-64.59494882644464
70.06522694206659,0.2621729256944749,133.0223864411025,-3.985781801996395,3.4065820684857813,-23.39566545081356,103.39996190988276,-82.6973051307326,-65.65572197145885
70.44369523450798,0.25708948341437676,133.0413691969493,-3.9904474117066506,3.3100073421308966,-23.76038511098644,104.29562058780917,-82.8904729472257,-66.7302640748799
70.84269241519786,0.25181122968003505,133.06065828514323,-3.995523156295843,3.2084528840663062,-24.139273451158868,105.27489373153966,-83.06798011584306,-67.80589638459774
71.26380660924819,0.24633660221059012,133.0802148456052,-4.00104371772195,3.101963913351338,-24.53224051886235,106.34518315631158,-83.21789806053569,-68.86447579645888
71.70800029501214,0.24067524247777908,133.09995865800434,-4.007034090740208,2.9908843419043634,-24.938635251767867,107.51190681851791,-83.3271581813069,-69.88325480275518
72.17536483929824,0.2348501499690986,133.11976520601635,-4.013503924698656,2.8759168441818708,-25.35722598001953,108.77733142460728,-83.38327668128548,-70.8371216157366
72.6650193559135,0.22889725197941638,133.139472668219,-4.020443614169349,2.7581178380689577,-25.786340799587062,110.1397747334783,-83.37576463637299,-71.7015521675628
73.17519000684995,0.22286224348835723,133.15889778582184,-4.027823397527826,2.638819529753867,-26.224138772816428,111.5934334561921,-83.29659051071108,-72.45522252650119
73.70342071214091,0.2167958018062445,133.17785543048322,-4.035595435469571,2.5195031734589213,-26.66891362378214,113.12881881228348,-83.13963430628469,-73.08149981296287
74.24682222996682,0.21074875957259626,133.19617595501308,-4.043697792692911,2.401663163660598,-27.11932641504251,114.73356162901527,-82.8995472970708,-73.56862926470211
74.80228281114162,0.20476838899033617,133.21371680025604,-4.052059020544556,2.286694374910708,-27.5745150363972,116.39330644263595,-82.57048270622542,-73.90888114557445
75.36660597868146,0.19889620488619678,133.2303678066403,-4.060602395679675,2.175817796149385,-28.034086120974973,118.09249662900751,-82.14491974104861,-74.0970511774094
75.93657368076781,0.193167160888217,133.2460514675346,-4.0692493201714095,2.0700450822718794,-28.498025061031452,119.8149529642424,-81.61253879533436,-74.12863225166565
76.50894626370913,0.1876099050669334,133.26071984332478,-4.077921690361197,1.9701753181261086,-28.966561016123002,121.54421254231362,-80.95893721796335,-73.9978211811688
77.08041067558888,0.18224776466922318,133.27434962131323,-4.086543189328725,1.8768153693206369,-29.440009671841185,123.26362238840126,-80.16386110675477,-73.69534294436566
77.64748289863986,0.177100218926127,133.28693635943614,-4.095039512482956,1.7904160439954566,-29.918598241038357,124.9561869235569,-79.19847918416323,-73.20587156170485
78.20636518958433,0.1721847174241827,133.2984885470079,-4.103337556087674,1.7113179995274672,-30.402259511624667,126.60416553816793,-78.02097852317627,-72.50460623271319
78.75276020302684,0.1675187433602793,133.30902190062685,-4.111363679628397,1.6398021659247317,-30.89036592205375,128.18843166091094,-76.56950352381226,-71.55242236954984
79.2816714058703,0.16312186698736234,133.31855452380043,-4.119041554920045,1.5761363874933358,-31.381367576658647,129.68770985985762,-74.75182793929129,-70.28943325767571
79.78731530408714,0.15901688921624962,133.32710462680663,-4.126291398697309,1.5205979043159563,-31.872334018135778,131.0781595818411,-72.43408189825495,-68.62896131329049
80.26346471409902,0.15522787656792394,133.33469439882563,-4.133034844140886,1.4734308784258323,-32.358559432070884,132.3344575176567,-69.43866762721196,-66.45855645388319
80.70463869590154,0.15177237581561076,133.3413633804822,-4.139210579845266,1.4347023784485904,-32.83367583731865,133.43379842168773,-65.56929156812464,-63.65699244107968
81.10799695896537,0.1486491830587096,133.347186418085,-4.144797979882335,1.4041079276539303,-33.290668323391806,134.362196799556,-60.671730168141295,-60.126626996396354
81.47476507571814,0.145829955813818,133.3522810551658,-4.149832775182905,1.380874593264781,-33.72335521137028,135.11923310487347,-54.7343787734414,-55.84439147913104
81.81072773102143,0.1432568879524572,133.35680391890202,-4.154410032768181,1.3637334976851727,-34.12827949418741,135.72143632611096,-48.28433232344563,-51.1421143923155
82.1298793963745,0.14082469356725266,133.3610053804706,-4.158738559581515,1.3516100021316537,-34.16541801557947,136.13819334852911,49.10822988531575,36.141279714911406
82.4367238369446,0.1385113037562371,133.36499609612662,-4.162898820695408,1.3433229466468197,-33.87862106107566,136.39646044357272,43.059168912230426,30.95194220969047
82.72820060243654,0.13633988488276994,133.3687645078444,-4.1668570184733325,1.3377991435710765,-33.64117422967473,136.56907174481515,35.4387866742871,24.32397637016878
83.00696707663008,0.1342809986646038,133.37235697694132,-4.1706481166876115,1.3346925539852181,-33.46638975555097,136.66444088159665,26.716357280195602,16.55254976563881
83.2773797198918,0.132294498490212,133.37583746358447,-4.174329693784684,1.3333251246070121,-33.361567766963795,136.70392585153016,18.220169610122653,8.888157545600192
83.54413007567535,0.13034006313839996,133.37927003196612,-4.177963768206915,1.3328915098913274,-33.318300339927625,136.71484673002692,12.270820479812375,3.719460742082482
83.81037442058496,0.12839086415901357,133.38269611381637,-4.181591763105712,1.332810962787342,-33.31701863943594,136.7166123272455,8.755499176960598,1.0326970694224684
84.07741389072741,0.12643525565680308,133.38613204272514,-4.1852302768283485,1.3328393899125626,-33.34244441708848,136.71654916804715,6.468690756812197,-0.30987206888918634
84.34570708047218,0.12446857709787068,133.38958303874696,-4.188884723768572,1.3328944436579102,-33.387113157174625,136.7165302372883,4.749106366953422,-0.9087929738882007
84.6154614873775,0.12248834910887409,133.39305106464207,-4.1925572093348835,1.332941495139472,-33.44789476764448,136.71689136359242,3.271387697171882,-1.0143482090139726
84.88681204689789,0.12049274985390084,133.39653713075967,-4.196248839609001,1.3329579361711805,-33.52407225008863,136.71743359507428,1.8371873985361804,-0.7141514709691611
85.15989349866344,0.11848,133.40004221316045,-4.1999606446755875,1.3329254942891668,-33.61531757569982,136.71773509977103,0.5572827730276385,-0.22675457557742967
